[
  {
    "type": "constructor",
    "inputs": [
      { "name": "_permit2", "type": "address", "internalType": "address" }
    ],
    "stateMutability": "nonpayable"
  },
  {
    "type": "function",
    "name": "permit2",
    "inputs": [],
    "outputs": [
      {
        "name": "",
        "type": "address",
        "internalType": "contract ISignatureTransfer"
      }
    ],
    "stateMutability": "view"
  },
  {
    "type": "function",
    "name": "signatureTransfer",
    "inputs": [
      {
        "name": "permitTransferFrom",
        "type": "tuple",
        "internalType": "struct ISignatureTransfer.PermitTransferFrom",
        "components": [
          {
            "name": "permitted",
            "type": "tuple",
            "internalType": "struct ISignatureTransfer.TokenPermissions",
            "components": [
              {
                "name": "token",
                "type": "address",
                "internalType": "address"
              },
              {
                "name": "amount",
                "type": "uint256",
                "internalType": "uint256"
              }
            ]
          },
          { "name": "nonce", "type": "uint256", "internalType": "uint256" },
          { "name": "deadline", "type": "uint256", "internalType": "uint256" }
        ]
      },
      {
        "name": "transferDetails",
        "type": "tuple",
        "internalType": "struct ISignatureTransfer.SignatureTransferDetails",
        "components": [
          { "name": "to", "type": "address", "internalType": "address" },
          {
            "name": "requestedAmount",
            "type": "uint256",
            "internalType": "uint256"
          }
        ]
      },
      { "name": "signature", "type": "bytes", "internalType": "bytes" }
    ],
    "outputs": [],
    "stateMutability": "nonpayable"
  }
]
